pickup_grid,trips,avg_value,lat,lon,cluster
-257_7366,7148,0.21015623251259094,-1.2825,36.8325,6
-258_7365,28851,0.2069600967037538,-1.2875,36.8275,6
-257_7365,18042,0.20470595000554262,-1.2825,36.8275,6
-258_7364,21358,0.1938250538439929,-1.2875,36.8225,6
-258_7366,5143,0.1915989694730702,-1.2875,36.8325,6
-256_7371,300,0.19134083333333335,-1.2775,36.8575,6
-257_7364,64458,0.18114298457910577,-1.2825,36.8225,6
-257_7363,25302,0.17176876333886648,-1.2825,36.8175,6
-258_7367,1841,0.16806966322650732,-1.2875,36.8375,6
-257_7371,15484,0.16430581568070265,-1.2825,36.8575,6
-259_7364,5204,0.13970085511145272,-1.2925,36.8225,6
-259_7363,1753,0.13710681688533943,-1.2925,36.8175,6
-259_7365,1059,0.13110009442870632,-1.2925,36.8275,6
-256_7369,141310,0.13075880157101408,-1.2775,36.847500000000004,6
-258_7363,8283,0.12770309670409272,-1.2875,36.8175,6
-258_7371,6258,0.12691902364972835,-1.2875,36.8575,6
-257_7367,1106,0.1231507685352622,-1.2825,36.8375,6
-255_7368,80699,0.1198675974919144,-1.2725,36.8425,6
-256_7367,5053,0.11881773204037205,-1.2775,36.8375,6
-255_7370,49343,0.11769176985590662,-1.2725,36.8525,6
-256_7368,9965,0.11417885097842448,-1.2775,36.8425,6
-255_7369,159346,0.11313891939552924,-1.2725,36.847500000000004,6
-257_7369,59895,0.11283792052758994,-1.2825,36.847500000000004,6
-260_7363,2464,0.11210866477272727,-1.2975,36.8175,6
-256_7370,131353,0.11188771859036338,-1.2775,36.8525,6
-254_7371,786,0.10940426208651399,-1.2675,36.8575,6
-256_7365,11303,0.10922217552862072,-1.2775,36.8275,6
-260_7362,4996,0.10914676741393113,-1.2975,36.8125,6
-253_7371,137,0.10881386861313869,-1.2625,36.8575,6
-258_7362,2866,0.10767158060013957,-1.2875,36.8125,6
-259_7367,351,0.10723290598290598,-1.2925,36.8375,6
-257_7370,24612,0.10544677393141556,-1.2825,36.8525,6
-258_7368,1478,0.10530649526387009,-1.2875,36.8425,6
-254_7370,7516,0.10523642895156998,-1.2675,36.8525,6
-257_7372,1432,0.10490904329608938,-1.2825,36.862500000000004,6
-254_7369,23248,0.10450929112181694,-1.2675,36.847500000000004,6
-257_7368,4316,0.10446906858202039,-1.2825,36.8425,6
-256_7366,13736,0.10353616409435061,-1.2775,36.8325,6
-255_7365,5877,0.1034769014803471,-1.2725,36.8275,6
-250_7363,439,0.10165489749430524,-1.2475,36.8175,6
-259_7366,289,0.10111072664359862,-1.2925,36.8325,6
-255_7367,11532,0.10103366718695803,-1.2725,36.8375,6
-254_7366,10609,0.09657835328494675,-1.2675,36.8325,6
-260_7366,1270,0.09401988188976378,-1.2975,36.8325,6
-261_7365,5948,0.09381981338264964,-1.3025,36.8275,6
-260_7365,883,0.09348301245753114,-1.2975,36.8275,6
-255_7366,29421,0.09293195336664287,-1.2725,36.8325,6
-252_7369,353,0.09032790368271955,-1.2575,36.847500000000004,6
-258_7369,1193,0.08851257334450964,-1.2875,36.847500000000004,6
-258_7370,46705,0.08799753238411305,-1.2875,36.8525,6
-259_7362,8509,0.08793536255729227,-1.2925,36.8125,6
-254_7368,44188,0.08760828166017924,-1.2675,36.8425,6
-256_7363,4175,0.08738311377245508,-1.2775,36.8175,6
-261_7364,3128,0.08724072890025576,-1.3025,36.8225,6
-260_7367,1788,0.08582885906040268,-1.2975,36.8375,6
-253_7367,23358,0.08544111225276137,-1.2625,36.8375,6
-256_7364,7758,0.08506709203402939,-1.2775,36.8225,6
-253_7372,458,0.08487718340611354,-1.2625,36.862500000000004,6
-252_7366,4884,0.08451494676494677,-1.2575,36.8325,6
-259_7361,6216,0.08391369047619048,-1.2925,36.8075,6
-253_7368,20831,0.08332066391435841,-1.2625,36.8425,6
-252_7370,473,0.08226109936575053,-1.2575,36.8525,6
-257_7362,2940,0.08167695578231292,-1.2825,36.8125,2
-262_7369,340,0.08039558823529412,-1.3075,36.847500000000004,2
-254_7367,69585,0.07986617805561544,-1.2675,36.8375,2
-260_7368,447,0.07916666666666668,-1.2975,36.8425,2
-260_7364,1500,0.07884283333333333,-1.2975,36.8225,2
-264_7376,130,0.07818461538461538,-1.3175000000000001,36.8825,2
-261_7362,3703,0.07780502295436134,-1.3025,36.8125,2
-252_7372,400,0.07702874999999999,-1.2575,36.862500000000004,2
-256_7362,1496,0.07604378342245989,-1.2775,36.8125,2
-260_7361,12597,0.07573561165356832,-1.2975,36.8075,2
-257_7359,810,0.07535092592592593,-1.2825,36.7975,2
-261_7363,4839,0.07478957429220913,-1.3025,36.8175,2
-253_7370,166,0.07450000000000001,-1.2625,36.8525,2
-256_7350,150,0.074435,-1.2775,36.7525,2
-261_7374,153,0.07419607843137255,-1.3025,36.8725,2
-252_7371,587,0.07412691652470188,-1.2575,36.8575,2
-254_7372,311,0.07396623794212219,-1.2675,36.862500000000004,2
-254_7365,1877,0.07383550879062332,-1.2675,36.8275,2
-256_7361,2219,0.07333584948174854,-1.2775,36.8075,2
-259_7369,2062,0.07315506789524734,-1.2925,36.847500000000004,2
-252_7368,515,0.07215145631067961,-1.2575,36.8425,2
-262_7376,267,0.07127715355805243,-1.3075,36.8825,2
-252_7367,125,0.070848,-1.2575,36.8375,2
-259_7368,2185,0.06902585812356979,-1.2925,36.8425,2
-264_7374,102,0.06847058823529412,-1.3175000000000001,36.8725,2
-267_7363,109,0.06841284403669724,-1.3325,36.8175,2
-250_7381,325,0.06786461538461538,-1.2475,36.9075,2
-256_7360,993,0.06693680765357503,-1.2775,36.8025,2
-255_7363,8520,0.06687455985915493,-1.2725,36.8175,2
-258_7361,2630,0.06678479087452471,-1.2875,36.8075,2
-259_7360,3390,0.06675840707964602,-1.2925,36.8025,2
-236_7385,201,0.0660547263681592,-1.1775,36.9275,5
-253_7369,322,0.06551242236024844,-1.2625,36.847500000000004,2
-249_7381,194,0.06526804123711341,-1.2425,36.9075,2
-262_7352,136,0.0641875,-1.3075,36.7625,2
-261_7370,197,0.06283248730964468,-1.3025,36.8525,2
-251_7380,278,0.06270143884892086,-1.2525,36.9025,2
-257_7361,626,0.06251477635782748,-1.2825,36.8075,2
-263_7354,169,0.06235502958579882,-1.3125,36.7725,2
-260_7369,765,0.062117647058823534,-1.2975,36.847500000000004,2
-261_7368,551,0.06158847549909256,-1.3025,36.8425,2
-241_7381,343,0.060885568513119534,-1.2025000000000001,36.9075,2
-245_7385,189,0.06080423280423281,-1.2225,36.9275,2
-251_7361,658,0.06078077507598784,-1.2525,36.8075,2
-250_7380,206,0.060514563106796114,-1.2475,36.9025,2
-261_7366,1681,0.060301160023795354,-1.3025,36.8325,2
-255_7364,9608,0.06018112510407993,-1.2725,36.8225,2
-255_7362,9432,0.059928859202714166,-1.2725,36.8125,2
-251_7365,117,0.05961965811965812,-1.2525,36.8275,2
-250_7384,106,0.05960377358490566,-1.2475,36.9225,2
-255_7361,6839,0.059533338207340254,-1.2725,36.8075,2
-254_7364,1669,0.058834481725584184,-1.2675,36.8225,2
-242_7359,1558,0.05821726572528883,-1.2075,36.7975,2
-253_7365,8954,0.05795197677015859,-1.2625,36.8275,2
-255_7374,134,0.05776119402985075,-1.2725,36.8725,2
-261_7361,9430,0.0574902704135737,-1.3025,36.8075,2
-261_7369,714,0.05710539215686274,-1.3025,36.847500000000004,2
-247_7363,117,0.056991452991452994,-1.2325,36.8175,2
-263_7355,763,0.056922673656618614,-1.3125,36.7775,2
-263_7356,317,0.056882492113564664,-1.3125,36.7825,2
-264_7370,11562,0.0562313397336101,-1.3175000000000001,36.8525,2
-266_7371,1626,0.05604458794587946,-1.3275000000000001,36.8575,2
-260_7370,1261,0.05594984139571769,-1.2975,36.8525,2
-260_7382,696,0.055942528735632185,-1.2975,36.9125,2
-243_7370,124,0.05545967741935484,-1.2125000000000001,36.8525,2
-263_7357,240,0.05545,-1.3125,36.7875,2
-261_7367,2216,0.05528531137184115,-1.3025,36.8375,2
-254_7363,4084,0.05443180705190989,-1.2675,36.8175,2
-252_7378,701,0.05379315263908702,-1.2575,36.8925,2
-248_7381,1543,0.053072261827608554,-1.2375,36.9075,2
-262_7370,591,0.05295939086294416,-1.3075,36.8525,2
-250_7358,182,0.052813186813186815,-1.2475,36.792500000000004,2
-259_7370,3244,0.05279932182490752,-1.2925,36.8525,2
-253_7353,195,0.05267692307692308,-1.2625,36.7675,2
-253_7392,199,0.05256281407035175,-1.2625,36.9625,7
-250_7364,166,0.052487951807228914,-1.2475,36.8225,2
-249_7358,440,0.05236818181818182,-1.2425,36.792500000000004,2
-261_7372,210,0.051519047619047624,-1.3025,36.862500000000004,2
-249_7357,539,0.051226345083487945,-1.2425,36.7875,2
-249_7382,161,0.050931677018633534,-1.2425,36.9125,2
-252_7373,935,0.050332620320855614,-1.2575,36.8675,2
-254_7362,6870,0.049784170305676854,-1.2675,36.8125,2
-255_7348,338,0.049520710059171594,-1.2725,36.7425,2
-258_7360,2208,0.049401154891304346,-1.2875,36.8025,2
-266_7372,138,0.0493768115942029,-1.3275000000000001,36.862500000000004,2
-254_7387,129,0.04933333333333333,-1.2675,36.9375,7
-264_7373,583,0.048938250428816464,-1.3175000000000001,36.8675,2
-263_7377,1117,0.048611011638316916,-1.3125,36.8875,2
-262_7357,901,0.04838623751387347,-1.3075,36.7875,2
-253_7364,24801,0.04833589371396314,-1.2625,36.8225,2
-264_7357,963,0.04824792315680166,-1.3175000000000001,36.7875,2
-262_7373,483,0.04810973084886128,-1.3075,36.8675,2
-262_7368,646,0.04802476780185758,-1.3075,36.8425,2
-264_7377,470,0.04776968085106383,-1.3175000000000001,36.8875,2
-250_7385,368,0.04763315217391304,-1.2475,36.9275,7
-259_7371,1457,0.047561427590940286,-1.2925,36.8575,2
-253_7374,1425,0.04754912280701755,-1.2625,36.8725,2
-262_7374,568,0.04711355633802817,-1.3075,36.8725,2
-265_7373,505,0.04710099009900991,-1.3225,36.8675,2
-252_7365,45863,0.046987751564441925,-1.2575,36.8275,2
-256_7359,2244,0.04675924688057041,-1.2775,36.7975,2
-264_7369,7514,0.046399287995741285,-1.3175000000000001,36.847500000000004,2
-266_7360,936,0.046273237179487184,-1.3275000000000001,36.8025,2
-264_7356,223,0.045802690582959646,-1.3175000000000001,36.7825,2
-262_7363,4865,0.04555914696813977,-1.3075,36.8175,2
-257_7373,802,0.045471321695760604,-1.2825,36.8675,2
-253_7373,1110,0.04532635135135135,-1.2625,36.8675,2
-262_7365,12697,0.045153362999133646,-1.3075,36.8275,2
-260_7373,1622,0.044893341553637486,-1.2975,36.8675,2
-264_7358,535,0.04478878504672897,-1.3175000000000001,36.792500000000004,2
-264_7372,436,0.044743119266055044,-1.3175000000000001,36.862500000000004,2
-258_7372,2611,0.04469427422443508,-1.2875,36.862500000000004,2
-260_7376,339,0.04461946902654867,-1.2975,36.8825,2
-263_7358,115,0.04461739130434783,-1.3125,36.792500000000004,2
-254_7391,112,0.04459821428571429,-1.2675,36.9575,7
-251_7374,697,0.044554878048780486,-1.2525,36.8725,2
-265_7359,3041,0.04445059191055574,-1.3225,36.7975,2
-251_7378,601,0.044399334442595674,-1.2525,36.8925,2
-265_7358,631,0.04435340729001584,-1.3225,36.792500000000004,2
-252_7363,33758,0.04431961312873985,-1.2575,36.8175,2
-262_7367,2916,0.04386985596707819,-1.3075,36.8375,2
-251_7376,570,0.0433280701754386,-1.2525,36.8825,2
-262_7375,776,0.043270618556701036,-1.3075,36.8775,2
-260_7360,13670,0.04326223482077542,-1.2975,36.8025,2
-255_7360,2114,0.04293472090823084,-1.2725,36.8025,2
-251_7370,214,0.04286915887850467,-1.2525,36.8525,2
-243_7359,2529,0.04282839066824832,-1.2125000000000001,36.7975,2
-263_7364,20977,0.04282185250512466,-1.3125,36.8225,2
-253_7363,22582,0.04281514037729165,-1.2625,36.8175,2
-263_7369,2311,0.04269309822587625,-1.3125,36.847500000000004,2
-240_7381,152,0.04258552631578947,-1.1975,36.9075,5
-267_7362,473,0.04248202959830867,-1.3325,36.8125,2
-246_7360,4422,0.04223852329262777,-1.2275,36.8025,2
-265_7370,7021,0.04221022646346674,-1.3225,36.8525,2
-262_7366,11455,0.0421443474465299,-1.3075,36.8325,2
-251_7379,232,0.04213362068965518,-1.2525,36.8975,7
-261_7360,9698,0.04202900082491236,-1.3025,36.8025,2
-262_7360,4893,0.0420076129164112,-1.3075,36.8025,2
-253_7352,426,0.041999999999999996,-1.2625,36.7625,2
-256_7349,157,0.04196178343949045,-1.2775,36.7475,4
-252_7360,23053,0.04187501626686332,-1.2575,36.8025,2
-262_7353,394,0.04185659898477158,-1.3075,36.7675,2
-252_7377,156,0.04174358974358975,-1.2575,36.8875,2
-262_7372,832,0.041701923076923074,-1.3075,36.862500000000004,2
-251_7372,881,0.04169466515323496,-1.2525,36.862500000000004,2
-262_7371,1151,0.04165747176368375,-1.3075,36.8575,2
-252_7361,7925,0.04156208201892744,-1.2575,36.8075,2
-262_7377,466,0.04140128755364807,-1.3075,36.8875,2
-263_7368,5720,0.04095909090909091,-1.3125,36.8425,2
-264_7355,243,0.040884773662551444,-1.3175000000000001,36.7775,2
-247_7362,1286,0.04087480559875583,-1.2325,36.8125,2
-258_7382,227,0.040861233480176215,-1.2875,36.9125,7
-251_7381,106,0.04072641509433962,-1.2525,36.9075,7
-262_7358,102,0.04072549019607843,-1.3075,36.792500000000004,2
-265_7363,2713,0.0400546443051972,-1.3225,36.8175,2
-254_7361,11193,0.039952849995532926,-1.2675,36.8075,2
-263_7363,8323,0.03975639793343746,-1.3125,36.8175,2
-252_7374,1298,0.03964830508474577,-1.2575,36.8725,2
-256_7344,186,0.039645161290322584,-1.2775,36.722500000000004,4
-256_7348,234,0.03953846153846154,-1.2775,36.7425,4
-264_7365,60748,0.039513580694014616,-1.3175000000000001,36.8275,2
-252_7364,18130,0.03933837562051848,-1.2575,36.8225,2
-248_7380,1185,0.03922025316455696,-1.2375,36.9025,7
-257_7349,207,0.03919806763285025,-1.2825,36.7475,4
-264_7366,7471,0.0391669120599652,-1.3175000000000001,36.8325,2
-241_7382,247,0.03908502024291498,-1.2025000000000001,36.9125,5
-262_7364,15530,0.039025853187379264,-1.3075,36.8225,2
-251_7373,718,0.03887395543175488,-1.2525,36.8675,2
-266_7368,20802,0.03884864436111912,-1.3275000000000001,36.8425,2
-265_7368,14193,0.0387675262453322,-1.3225,36.8425,2
-263_7360,1401,0.038651677373304785,-1.3125,36.8025,2
-246_7362,193,0.038637305699481865,-1.2275,36.8125,2
-266_7364,10621,0.03863150833254873,-1.3275000000000001,36.8225,2
-234_7384,112,0.03850892857142857,-1.1675,36.9225,5
-256_7374,1219,0.03845077932731747,-1.2775,36.8725,2
-263_7365,33694,0.03840569537603134,-1.3125,36.8275,2
-250_7372,594,0.03835016835016835,-1.2475,36.862500000000004,2
-251_7377,563,0.03833747779751332,-1.2525,36.8875,7
-251_7375,1119,0.03833623771224307,-1.2525,36.8775,2
-258_7373,1536,0.0383115234375,-1.2875,36.8675,2
-264_7384,229,0.038218340611353714,-1.3175000000000001,36.9225,7
-268_7378,780,0.0381676282051282,-1.3375000000000001,36.8925,7
-264_7367,18158,0.03807606839960348,-1.3175000000000001,36.8375,2
-259_7378,3035,0.038054530477759474,-1.2925,36.8925,7
-248_7370,170,0.03804117647058823,-1.2375,36.8525,2
-251_7371,1859,0.037944593867670795,-1.2525,36.8575,2
-243_7372,124,0.037870967741935484,-1.2125000000000001,36.862500000000004,5
-241_7377,119,0.03782352941176471,-1.2025000000000001,36.8875,5
-259_7359,21857,0.037821601775175,-1.2925,36.7975,2
-259_7372,2559,0.03765220789370848,-1.2925,36.862500000000004,2
-266_7369,2118,0.03756338526912181,-1.3275000000000001,36.847500000000004,2
-242_7381,190,0.037547368421052635,-1.2075,36.9075,5
-265_7369,8271,0.03744795067101923,-1.3225,36.847500000000004,2
-254_7388,571,0.03740805604203152,-1.2675,36.9425,7
-246_7361,2055,0.03731581508515815,-1.2275,36.8075,2
-256_7351,145,0.037296551724137934,-1.2775,36.7575,4
-251_7364,852,0.03717840375586854,-1.2525,36.8225,2
-263_7367,34109,0.036921831481427185,-1.3125,36.8375,2
-264_7368,46238,0.03691627557420303,-1.3175000000000001,36.8425,2
-251_7363,1131,0.036853448275862066,-1.2525,36.8175,2
-265_7364,16438,0.036810150261589,-1.3225,36.8225,2
-267_7372,620,0.03665524193548387,-1.3325,36.862500000000004,2
-259_7377,3190,0.03653432601880878,-1.2925,36.8875,7
-261_7358,2007,0.03645739910313901,-1.3025,36.792500000000004,2
-242_7380,595,0.036438235294117646,-1.2075,36.9025,5
-255_7349,123,0.03642276422764228,-1.2725,36.7475,4
-250_7369,308,0.03637012987012987,-1.2475,36.847500000000004,2
-264_7364,13423,0.03632624972062877,-1.3175000000000001,36.8225,2
-262_7378,843,0.03630367734282325,-1.3075,36.8925,7
-277_7353,196,0.03620408163265306,-1.3825,36.7675,1
-246_7386,308,0.03619805194805195,-1.2275,36.9325,7
-253_7376,1137,0.03610993843447669,-1.2625,36.8825,7
-263_7370,603,0.035972222222222225,-1.3125,36.8525,2
-258_7359,8581,0.03580474303694208,-1.2875,36.7975,2
-265_7371,211,0.03549763033175356,-1.3225,36.8575,2
-267_7371,147,0.035326530612244895,-1.3325,36.8575,2
-253_7361,8234,0.03505112946320136,-1.2625,36.8075,2
-252_7376,604,0.034905629139072844,-1.2575,36.8825,7
-243_7361,149,0.034859060402684564,-1.2125000000000001,36.8075,4
-262_7362,6514,0.03477298894688363,-1.3075,36.8125,2
-265_7354,2917,0.03472248885841618,-1.3225,36.7725,2
-263_7362,5749,0.03469646895112193,-1.3125,36.8125,2
-266_7370,2407,0.0346896551724138,-1.3275000000000001,36.8525,2
-260_7359,16102,0.03455850204943486,-1.2975,36.7975,2
-256_7342,308,0.03446103896103896,-1.2775,36.7125,4
-247_7370,131,0.034381679389312976,-1.2325,36.8525,5
-251_7359,1199,0.034343619683069225,-1.2525,36.7975,2
-260_7378,3551,0.034288299070684314,-1.2975,36.8925,7
-261_7371,280,0.034239285714285715,-1.3025,36.8575,2
-249_7377,271,0.034190959409594095,-1.2425,36.8875,7
-264_7363,3494,0.034149971379507725,-1.3175000000000001,36.8175,2
-263_7359,254,0.034102362204724415,-1.3125,36.7975,2
-251_7384,949,0.034047945205479456,-1.2525,36.9225,7
-264_7383,1115,0.034047533632287,-1.3175000000000001,36.917500000000004,7
-265_7366,7776,0.03367457561728395,-1.3225,36.8325,2
-265_7367,2601,0.03354757785467128,-1.3225,36.8375,2
-261_7373,106,0.033547169811320755,-1.3025,36.8675,2
-260_7371,2245,0.03349365256124722,-1.2975,36.8575,2
-265_7374,570,0.03342105263157895,-1.3225,36.8725,2
-261_7382,1436,0.03341713091922006,-1.3025,36.9125,7
-253_7379,300,0.033389999999999996,-1.2625,36.8975,7
-257_7398,156,0.03337820512820513,-1.2825,36.9925,7
-254_7360,5541,0.03337001443782711,-1.2675,36.8025,2
-261_7359,681,0.03320411160058737,-1.3025,36.7975,2
-260_7377,2599,0.032916506348595616,-1.2975,36.8875,7
-265_7365,27984,0.03291500500285877,-1.3225,36.8275,2
-261_7357,2844,0.032884054149085795,-1.3025,36.7875,2
-246_7377,586,0.032665529010238906,-1.2275,36.8875,5
-266_7365,35807,0.03255838243918787,-1.3275000000000001,36.8275,2
-265_7360,4845,0.03251532507739938,-1.3225,36.8025,2
-262_7351,189,0.03236507936507937,-1.3075,36.7575,4
-255_7350,152,0.03214473684210526,-1.2725,36.7525,4
-251_7360,979,0.03204111338100102,-1.2525,36.8025,2
-254_7357,1570,0.032021656050955416,-1.2675,36.7875,4
-243_7358,4244,0.03199304901036758,-1.2125000000000001,36.792500000000004,4
-263_7372,363,0.031853994490358126,-1.3125,36.862500000000004,2
-267_7373,848,0.03184640330188679,-1.3325,36.8675,2
-253_7360,38395,0.03181885011069149,-1.2625,36.8025,2
-254_7377,1890,0.03178611111111111,-1.2675,36.8875,7
-253_7378,526,0.03177566539923954,-1.2625,36.8925,7
-254_7376,1788,0.03177279082774049,-1.2675,36.8825,7
-252_7375,4560,0.03172379385964912,-1.2575,36.8775,7
-253_7391,139,0.03153237410071943,-1.2625,36.9575,7
-244_7384,107,0.031448598130841124,-1.2175,36.9225,5
-253_7362,9973,0.031405820715933015,-1.2625,36.8125,2
-257_7358,3966,0.031401664145234494,-1.2825,36.792500000000004,2
-242_7379,2195,0.03136640091116173,-1.2075,36.8975,5
-265_7361,650,0.03120153846153846,-1.3225,36.8075,2
-258_7396,445,0.031170786516853934,-1.2875,36.9825,7
-250_7374,3914,0.031148952478283087,-1.2475,36.8725,7
-262_7361,382,0.03110732984293194,-1.3075,36.8075,2
-245_7354,206,0.030990291262135924,-1.2225,36.7725,4
-261_7379,2462,0.030984463850528027,-1.3025,36.8975,7
-267_7378,213,0.03097183098591549,-1.3325,36.8925,7
-260_7380,1454,0.030966987620357635,-1.2975,36.9025,7
-263_7366,5042,0.03095096191987307,-1.3125,36.8325,2
-257_7357,3348,0.030883661887694144,-1.2825,36.7875,2
-250_7371,277,0.03083032490974729,-1.2475,36.8575,2
-267_7351,241,0.030827800829875518,-1.3325,36.7575,1
-264_7361,2591,0.03069287919722115,-1.3175000000000001,36.8075,2
-266_7378,1962,0.03068972986748216,-1.3275000000000001,36.8925,7
-247_7372,764,0.03063710732984293,-1.2325,36.862500000000004,5
-264_7360,1003,0.030584995014955135,-1.3175000000000001,36.8025,2
-255_7375,2521,0.0305710035700119,-1.2725,36.8775,7
-268_7353,204,0.03048406862745098,-1.3375000000000001,36.7675,1
-254_7349,673,0.030392273402674592,-1.2675,36.7475,4
-244_7355,402,0.030380597014925376,-1.2175,36.7775,4
-260_7379,2422,0.03031812551610239,-1.2975,36.8975,7
-235_7383,410,0.030109756097560978,-1.1725,36.917500000000004,5
-259_7354,14085,0.03000530706425275,-1.2925,36.7725,4
-260_7375,1418,0.029876586741889987,-1.2975,36.8775,7
-253_7386,166,0.029825301204819275,-1.2625,36.9325,7
-258_7337,150,0.02981333333333333,-1.2875,36.6875,4
-257_7375,3047,0.02980587463078438,-1.2825,36.8775,7
-262_7350,112,0.029767857142857145,-1.3075,36.7525,4
-244_7370,140,0.02975,-1.2175,36.8525,5
-266_7366,17876,0.029704785746251957,-1.3275000000000001,36.8325,2
-251_7383,542,0.02965129151291513,-1.2525,36.917500000000004,7
-259_7379,6066,0.02942775304978569,-1.2925,36.8975,7
-258_7343,101,0.02933663366336634,-1.2875,36.7175,4
-253_7385,659,0.02931259484066768,-1.2625,36.9275,7
-254_7355,397,0.029279596977329975,-1.2675,36.7775,4
-265_7376,1527,0.02926784544859201,-1.3225,36.8825,7
-265_7357,2068,0.029257736943907157,-1.3225,36.7875,2
-248_7362,2685,0.02923994413407821,-1.2375,36.8125,4
-254_7384,608,0.029230263157894735,-1.2675,36.9225,7
-268_7375,131,0.029209923664122138,-1.3375000000000001,36.8775,7
-267_7352,125,0.029016,-1.3325,36.7625,1
-257_7376,2562,0.028966042154566746,-1.2825,36.8825,7
-253_7375,1452,0.02893388429752066,-1.2625,36.8775,7
-252_7362,32695,0.028918144976296068,-1.2575,36.8125,2
-254_7350,274,0.028864963503649633,-1.2675,36.7525,4
-258_7354,7972,0.02885351856497742,-1.2875,36.7725,4
-259_7376,2044,0.02882497553816047,-1.2925,36.8825,7
-253_7355,1250,0.0288168,-1.2625,36.7775,4
-245_7379,774,0.028768733850129197,-1.2225,36.8975,5
-260_7372,1984,0.028717363911290324,-1.2975,36.862500000000004,7
-257_7350,459,0.028660130718954246,-1.2825,36.7525,4
-255_7347,284,0.028651408450704227,-1.2725,36.737500000000004,4
-247_7360,3439,0.028636449549287582,-1.2325,36.8025,4
-249_7369,148,0.028601351351351348,-1.2425,36.847500000000004,5
-261_7381,2730,0.028596062271062272,-1.3025,36.9075,7
-258_7377,4270,0.028570784543325525,-1.2875,36.8875,7
-250_7375,661,0.028526475037821485,-1.2475,36.8775,7
-263_7361,4350,0.02851080459770115,-1.3125,36.8075,2
-252_7355,1537,0.02847234873129473,-1.2575,36.7775,4
-255_7394,479,0.02840866388308977,-1.2725,36.972500000000004,7
-242_7383,1312,0.028290396341463412,-1.2075,36.917500000000004,5
-251_7362,6583,0.0282085675224062,-1.2525,36.8125,4
-267_7353,202,0.02810891089108911,-1.3325,36.7675,1
-255_7358,1033,0.028102855759922555,-1.2725,36.792500000000004,4
-240_7380,1370,0.02809580291970803,-1.1975,36.9025,5
-263_7384,593,0.028033726812816188,-1.3125,36.9225,7
-256_7375,3101,0.027940503063527897,-1.2775,36.8775,7
-255_7376,1442,0.027934292649098476,-1.2725,36.8825,7
-258_7376,4666,0.027902700385769395,-1.2875,36.8825,7
-269_7376,187,0.027850267379679144,-1.3425,36.8825,7
-261_7383,214,0.02772429906542056,-1.3025,36.917500000000004,7
-246_7359,334,0.02767365269461078,-1.2275,36.7975,4
-267_7377,322,0.027602484472049688,-1.3325,36.8875,7
-266_7367,16618,0.027547448549765315,-1.3275000000000001,36.8375,2
-252_7356,1766,0.02751047565118913,-1.2575,36.7825,4
-253_7377,2021,0.027498268184067292,-1.2625,36.8875,7
-266_7376,5406,0.027462541620421756,-1.3275000000000001,36.8825,7
-258_7356,7577,0.02745562227794642,-1.2875,36.7825,4
-243_7379,2310,0.027399458874458875,-1.2125000000000001,36.8975,5
-257_7382,519,0.02737957610789981,-1.2825,36.9125,7
-264_7378,1577,0.027256182625237792,-1.3175000000000001,36.8925,7
-260_7355,9375,0.0271424,-1.2975,36.7775,4
-262_7354,2806,0.02701550249465431,-1.3075,36.7725,4
-256_7376,1668,0.02698381294964029,-1.2775,36.8825,7
-241_7380,922,0.026963123644251626,-1.2025000000000001,36.9025,5
-263_7371,1279,0.026944487881157157,-1.3125,36.8575,7
-259_7375,4064,0.02689966781496063,-1.2925,36.8775,7
-252_7351,173,0.026867052023121386,-1.2575,36.7575,4
-252_7392,169,0.026828402366863905,-1.2575,36.9625,7
-258_7374,3035,0.026809637561779242,-1.2875,36.8725,7
-259_7355,7492,0.026785971703150026,-1.2925,36.7775,4
-246_7376,986,0.026635902636916838,-1.2275,36.8825,5
-250_7376,174,0.02658045977011494,-1.2475,36.8825,7
-244_7364,343,0.026571428571428572,-1.2175,36.8225,5
-257_7374,3150,0.026326904761904763,-1.2825,36.8725,7
-251_7357,417,0.02630695443645084,-1.2525,36.7875,4
-252_7380,421,0.026287410926365797,-1.2575,36.9025,7
-256_7358,8702,0.02623753160193059,-1.2775,36.792500000000004,4
-264_7362,4872,0.026233579638752055,-1.3175000000000001,36.8125,2
-251_7367,111,0.026207207207207206,-1.2525,36.8375,2
-257_7378,4000,0.0261320625,-1.2825,36.8925,7
-258_7358,12203,0.026125809227239203,-1.2875,36.792500000000004,4
-262_7356,964,0.026064834024896264,-1.3075,36.7825,4
-261_7355,4152,0.026056478805394988,-1.3025,36.7775,4
-258_7379,4136,0.025950193423597678,-1.2875,36.8975,7
-254_7346,435,0.0258735632183908,-1.2675,36.7325,4
-248_7374,1830,0.02584685792349727,-1.2375,36.8725,5
-248_7363,199,0.025793969849246232,-1.2375,36.8175,4
-261_7378,2336,0.02569242294520548,-1.3025,36.8925,7
-261_7354,6186,0.025686429033301005,-1.3025,36.7725,4
-259_7358,20291,0.025685180621950618,-1.2925,36.792500000000004,4
-258_7375,4053,0.02566327411793733,-1.2875,36.8775,7
-262_7355,1176,0.025572916666666667,-1.3075,36.7775,4
-266_7379,1036,0.025497104247104246,-1.3275000000000001,36.8975,7
-258_7393,318,0.025446540880503146,-1.2875,36.9675,7
-261_7350,1431,0.025445842068483576,-1.3025,36.7525,4
-251_7351,269,0.02542007434944238,-1.2525,36.7575,4
-236_7382,389,0.025349614395886892,-1.1775,36.9125,5
-256_7345,155,0.025316129032258064,-1.2775,36.7275,4
-250_7357,117,0.025290598290598293,-1.2475,36.7875,4
-246_7371,111,0.02527927927927928,-1.2275,36.8575,5
-258_7378,5284,0.025270864875094626,-1.2875,36.8925,7
-254_7397,186,0.025241935483870968,-1.2675,36.987500000000004,7
-243_7365,377,0.02523872679045093,-1.2125000000000001,36.8275,5
-261_7380,5338,0.025145138628699888,-1.3025,36.9025,7
-247_7361,2233,0.025132781012091356,-1.2325,36.8075,4
-261_7376,442,0.025119909502262443,-1.3025,36.8825,7
-263_7378,2874,0.02511751913709116,-1.3125,36.8925,7
-264_7342,183,0.02503551912568306,-1.3175000000000001,36.7125,1
-266_7374,407,0.024958230958230958,-1.3275000000000001,36.8725,7
-246_7375,1281,0.024938914910226383,-1.2275,36.8775,5
-269_7377,120,0.02490833333333333,-1.3425,36.8875,7
-247_7375,11012,0.02488925717399201,-1.2325,36.8775,5
-261_7353,1352,0.024839312130177513,-1.3025,36.7675,4
-243_7380,970,0.024837113402061854,-1.2125000000000001,36.9025,5
-254_7395,110,0.02480909090909091,-1.2675,36.9775,7
-254_7358,2624,0.02475104801829268,-1.2675,36.792500000000004,4
-259_7353,3714,0.02464822294022617,-1.2925,36.7675,4
-262_7379,5543,0.024602651993505323,-1.3075,36.8975,7
-260_7358,12307,0.024575830827984074,-1.2975,36.792500000000004,4
-250_7356,199,0.024557788944723616,-1.2475,36.7825,4
-259_7380,26065,0.024531728371379243,-1.2925,36.9025,7
-255_7357,2301,0.02452955236853542,-1.2725,36.7875,4
-254_7351,347,0.02451585014409222,-1.2675,36.7575,4
-237_7385,226,0.024513274336283187,-1.1825,36.9275,5
-252_7387,367,0.02449591280653951,-1.2575,36.9375,7
-245_7384,1478,0.024489851150202975,-1.2225,36.9225,5
-266_7359,136,0.02448529411764706,-1.3275000000000001,36.7975,1
-258_7350,960,0.024366666666666665,-1.2875,36.7525,4
-255_7359,4084,0.024345800685602353,-1.2725,36.7975,4
-266_7362,319,0.024344827586206895,-1.3275000000000001,36.8125,2
-250_7391,657,0.024322678843226787,-1.2475,36.9575,7
-261_7377,4386,0.024275991792065663,-1.3025,36.8875,7
-256_7378,3673,0.024226653961339505,-1.2775,36.8925,7
-261_7356,6767,0.024046143047140534,-1.3025,36.7825,4
-258_7355,7568,0.023966801004228332,-1.2875,36.7775,4
-249_7373,1091,0.023917506874427133,-1.2425,36.8675,5
-254_7379,969,0.02391640866873065,-1.2675,36.8975,7
-247_7377,683,0.0238696925329429,-1.2325,36.8875,5
-258_7357,17882,0.023830695671625095,-1.2875,36.7875,4
-257_7352,1625,0.023804,-1.2825,36.7625,4
-256_7383,368,0.023782608695652175,-1.2775,36.917500000000004,7
-248_7361,1760,0.023757386363636366,-1.2375,36.8075,4
-257_7395,132,0.023742424242424242,-1.2825,36.9775,7
-257_7356,10587,0.023720010390101066,-1.2825,36.7825,4
-247_7349,277,0.023711191335740074,-1.2325,36.7475,4
-253_7354,346,0.02370664739884393,-1.2625,36.7725,4
-251_7387,606,0.023655115511551156,-1.2525,36.9375,7
-238_7381,790,0.023641455696202535,-1.1875,36.9075,5
-262_7380,6243,0.023639676437610124,-1.3075,36.9025,7
-251_7382,1342,0.023597615499254845,-1.2525,36.9125,7
-258_7380,15370,0.02355227716330514,-1.2875,36.9025,7
-255_7379,3413,0.023520070319367127,-1.2725,36.8975,7
-248_7356,215,0.023516279069767443,-1.2375,36.7825,4
-244_7372,112,0.023482142857142858,-1.2175,36.862500000000004,5
-253_7389,391,0.023478260869565216,-1.2625,36.9475,7
-255_7388,1475,0.023403220338983052,-1.2725,36.9425,7
-260_7374,1590,0.023388522012578617,-1.2975,36.8725,7
-256_7357,4479,0.02336330654163876,-1.2775,36.7875,4
-259_7374,1728,0.023352141203703703,-1.2925,36.8725,7
-248_7375,408,0.023325980392156862,-1.2375,36.8775,5
-256_7343,215,0.02331627906976744,-1.2775,36.7175,4
-265_7355,1317,0.02331169324221716,-1.3225,36.7775,1
-248_7358,394,0.023271573604060916,-1.2375,36.792500000000004,4
-253_7380,977,0.023246673490276357,-1.2625,36.9025,7
-257_7377,5580,0.023246102150537632,-1.2825,36.8875,7
-261_7349,1581,0.02321537001897533,-1.3025,36.7475,4
-256_7356,3150,0.02319753968253968,-1.2775,36.7825,4
-265_7377,2585,0.023150580270793038,-1.3225,36.8875,7
-260_7348,481,0.023097713097713097,-1.2975,36.7425,4
-250_7386,329,0.02303647416413374,-1.2475,36.9325,7
-257_7355,3829,0.02302161138678506,-1.2825,36.7775,4
-263_7379,8280,0.022985537439613526,-1.3125,36.8975,7
-265_7378,811,0.022966707768187423,-1.3225,36.8925,7
-242_7378,2200,0.02294954545454545,-1.2075,36.8925,5
-254_7375,335,0.02284776119402985,-1.2675,36.8775,7
-261_7351,556,0.02281474820143885,-1.3025,36.7575,4
-260_7381,1396,0.02279333810888252,-1.2975,36.9075,7
-252_7357,1845,0.02260189701897019,-1.2575,36.7875,4
-253_7357,3069,0.02255221570544151,-1.2625,36.7875,4
-248_7379,2027,0.02254896398618648,-1.2375,36.8975,5
-250_7377,159,0.022547169811320756,-1.2475,36.8875,7
-260_7354,5629,0.022517631906200035,-1.2975,36.7725,4
-246_7379,511,0.022490704500978474,-1.2275,36.8975,5
-259_7357,47328,0.02246147629310345,-1.2925,36.7875,4
-266_7377,2029,0.02243962543124692,-1.3275000000000001,36.8875,7
-262_7359,1285,0.022437354085603115,-1.3075,36.7975,4
-247_7373,695,0.02242589928057554,-1.2325,36.8675,5
-252_7386,3081,0.022371308016877638,-1.2575,36.9325,7
-266_7358,736,0.022271739130434783,-1.3275000000000001,36.792500000000004,1
-265_7375,1767,0.02226146010186757,-1.3225,36.8775,7
-255_7356,132,0.022227272727272727,-1.2725,36.7825,4
-258_7381,1389,0.022203383729301654,-1.2875,36.9075,7
-254_7359,5164,0.02218169054996127,-1.2675,36.7975,4
-254_7380,1532,0.02216057441253264,-1.2675,36.9025,7
-264_7371,491,0.022134419551934827,-1.3175000000000001,36.8575,7
-241_7383,880,0.022060227272727273,-1.2025000000000001,36.917500000000004,5
-245_7364,100,0.02204,-1.2225,36.8225,5
-262_7384,285,0.022010526315789473,-1.3075,36.9225,7
-247_7386,999,0.022005005005005004,-1.2325,36.9325,5
-253_7350,427,0.021939110070257613,-1.2625,36.7525,4
-266_7375,1015,0.021932019704433498,-1.3275000000000001,36.8775,7
-266_7373,354,0.02192090395480226,-1.3275000000000001,36.8675,7
-252_7379,232,0.021918103448275862,-1.2575,36.8975,7
-255_7383,657,0.02187366818873668,-1.2725,36.917500000000004,7
-248_7386,821,0.021859926918392204,-1.2375,36.9325,7
-264_7380,3258,0.021767955801104973,-1.3175000000000001,36.9025,7
-252_7358,2490,0.021744779116465864,-1.2575,36.792500000000004,4
-260_7353,3469,0.021703733064283654,-1.2975,36.7675,4
-256_7346,400,0.0216975,-1.2775,36.7325,4
-265_7356,2060,0.021665533980582526,-1.3225,36.7825,1
-267_7361,448,0.021654017857142858,-1.3325,36.8075,1
-243_7374,999,0.021646396396396397,-1.2125000000000001,36.8725,5
-248_7347,110,0.021636363636363634,-1.2375,36.737500000000004,4
-256_7389,2458,0.021572823433685925,-1.2775,36.9475,7
-260_7356,11692,0.021543534040369485,-1.2975,36.7825,4
-246_7373,685,0.021431021897810217,-1.2275,36.8675,5
-259_7350,2419,0.02140677966101695,-1.2925,36.7525,4
-253_7390,153,0.021398692810457517,-1.2625,36.9525,7
-244_7359,409,0.021386308068459658,-1.2175,36.7975,4
-251_7392,175,0.021297142857142858,-1.2525,36.9625,7
-242_7358,787,0.02123125794155019,-1.2075,36.792500000000004,4
-241_7378,365,0.021123287671232876,-1.2025000000000001,36.8925,5
-252_7381,1029,0.02110398445092323,-1.2575,36.9075,7
-255_7354,819,0.020991452991452993,-1.2725,36.7725,4
-262_7347,1300,0.02098192307692308,-1.3075,36.737500000000004,4
-242_7375,248,0.02089516129032258,-1.2075,36.8775,5
-245_7378,1045,0.0208755980861244,-1.2225,36.8925,5
-254_7392,183,0.020797814207650273,-1.2675,36.9625,7
-249_7378,1044,0.020787356321839083,-1.2425,36.8925,5
-259_7356,8806,0.02074875085169203,-1.2925,36.7825,4
-263_7380,2815,0.02067131438721137,-1.3125,36.9025,7
-243_7360,128,0.0206640625,-1.2125000000000001,36.8025,4
-242_7374,880,0.02063181818181818,-1.2075,36.8725,5
-247_7374,4191,0.020587687902648533,-1.2325,36.8725,5
-252_7388,405,0.020567901234567903,-1.2575,36.9425,7
-237_7380,1726,0.020562572421784473,-1.1825,36.9025,5
-248_7378,832,0.020526442307692308,-1.2375,36.8925,5
-249_7374,335,0.02051044776119403,-1.2425,36.8725,5
-245_7376,2184,0.020457875457875457,-1.2225,36.8825,5
-253_7359,2837,0.020410204441311246,-1.2625,36.7975,4
-259_7388,513,0.020210526315789474,-1.2925,36.9425,7
-260_7349,1849,0.020157247160627365,-1.2975,36.7475,4
-260_7357,13363,0.02013735688093991,-1.2975,36.7875,4
-253_7349,473,0.020120507399577166,-1.2625,36.7475,4
-262_7346,521,0.02008253358925144,-1.3075,36.7325,4
-255_7391,220,0.020077272727272725,-1.2725,36.9575,7
-259_7381,3362,0.01996966091612136,-1.2925,36.9075,7
-257_7338,122,0.019934426229508195,-1.2825,36.6925,4
-265_7379,1956,0.019879984662576688,-1.3225,36.8975,7
-253_7396,818,0.019750611246943765,-1.2625,36.9825,7
-249_7376,419,0.019694510739856803,-1.2425,36.8825,5
-254_7352,627,0.019675438596491228,-1.2675,36.7625,4
-269_7380,118,0.01950847457627119,-1.3425,36.9025,7
-269_7382,123,0.019447154471544714,-1.3425,36.9125,7
-258_7397,167,0.019419161676646705,-1.2875,36.987500000000004,7
-253_7341,177,0.01938418079096045,-1.2625,36.7075,4
-250_7387,360,0.019355555555555556,-1.2475,36.9375,7
-250_7359,560,0.019326785714285716,-1.2475,36.7975,4
-258_7351,1266,0.019302527646129542,-1.2875,36.7575,4
-243_7373,269,0.019279739776951674,-1.2125000000000001,36.8675,5
-269_7381,301,0.01927906976744186,-1.3425,36.9075,7
-256_7354,2234,0.019255595344673235,-1.2775,36.7725,4
-259_7351,3137,0.0192228243544788,-1.2925,36.7575,4
-255_7398,192,0.019192708333333332,-1.2725,36.9925,7
-258_7349,1641,0.019123095673369898,-1.2875,36.7475,4
-257_7353,2332,0.01905360205831904,-1.2825,36.7675,4
-266_7361,347,0.019023054755043227,-1.3275000000000001,36.8075,1
-261_7348,486,0.019006172839506175,-1.3025,36.7425,4
-244_7379,4659,0.018863919295986263,-1.2175,36.8975,5
-251_7349,107,0.01882242990654206,-1.2525,36.7475,4
-260_7351,4218,0.018795697012802273,-1.2975,36.7575,4
-253_7387,101,0.018752475247524755,-1.2625,36.9375,7
-254_7378,1166,0.018744425385934817,-1.2675,36.8925,7
-255_7378,2689,0.01870909259947936,-1.2725,36.8925,7
-257_7351,1094,0.018688299817184645,-1.2825,36.7575,4
-239_7381,252,0.01856746031746032,-1.1925000000000001,36.9075,5
-254_7398,502,0.018553784860557768,-1.2675,36.9925,7
-267_7334,121,0.018545454545454542,-1.3325,36.6725,1
-244_7378,3117,0.01852149502726981,-1.2175,36.8925,5
-256_7379,4138,0.0184623610439826,-1.2775,36.8975,7
-255_7382,2137,0.018388394946186243,-1.2725,36.9125,7
-256_7382,967,0.018297828335056877,-1.2775,36.9125,7
-262_7383,491,0.018285132382892057,-1.3075,36.917500000000004,7
-250_7390,197,0.018279187817258884,-1.2475,36.9525,7
-245_7355,395,0.018260759493670887,-1.2225,36.7775,4
-244_7373,300,0.018226666666666665,-1.2175,36.8675,5
-257_7379,5033,0.018219004569839062,-1.2825,36.8975,7
-244_7377,11264,0.018199662642045453,-1.2175,36.8875,5
-270_7380,162,0.018185185185185186,-1.3475,36.9025,7
-266_7336,110,0.018109090909090908,-1.3275000000000001,36.6825,1
-254_7340,122,0.018090163934426227,-1.2675,36.7025,4
-242_7373,183,0.018021857923497267,-1.2075,36.8675,5
-259_7348,1355,0.017948339483394835,-1.2925,36.7425,4
-253_7383,911,0.017945115257958288,-1.2625,36.917500000000004,7
-248_7376,521,0.017921785028790785,-1.2375,36.8825,5
-257_7354,2307,0.017916341569137406,-1.2825,36.7725,4
-268_7349,385,0.01785974025974026,-1.3375000000000001,36.7475,1
-270_7349,159,0.017811320754716982,-1.3475,36.7475,1
-248_7372,463,0.017751619870410365,-1.2375,36.862500000000004,5
-248_7369,328,0.017750000000000002,-1.2375,36.847500000000004,5
-252_7383,2315,0.017746436285097193,-1.2575,36.917500000000004,7
-253_7358,2182,0.01773865719523373,-1.2625,36.792500000000004,4
-255_7380,15895,0.017726690783265178,-1.2725,36.9025,7
-261_7347,504,0.017702380952380952,-1.3025,36.737500000000004,4
-251_7358,2822,0.017605244507441532,-1.2525,36.792500000000004,4
-258_7353,1292,0.017603715170278637,-1.2875,36.7675,4
-257_7380,14097,0.017580637724338512,-1.2825,36.9025,7
-256_7355,480,0.017516666666666666,-1.2775,36.7775,4
-245_7375,2177,0.017503445107946713,-1.2225,36.8775,5
-251_7385,921,0.017419109663409336,-1.2525,36.9275,7
-253_7346,437,0.017411899313501143,-1.2625,36.7325,4
-256_7381,6136,0.017408450130378096,-1.2775,36.9075,7
-264_7379,10992,0.017404862627365354,-1.3175000000000001,36.8975,7
-245_7362,122,0.017385245901639344,-1.2225,36.8125,4
-274_7345,237,0.017379746835443036,-1.3675,36.7275,1
-244_7382,556,0.01737589928057554,-1.2175,36.9125,5
-257_7381,8782,0.01736751309496698,-1.2825,36.9075,7
-265_7343,209,0.017311004784688996,-1.3225,36.7175,1
-254_7389,447,0.0172662192393736,-1.2675,36.9475,7
-267_7385,5143,0.017177717285630955,-1.3325,36.9275,7
-249_7362,330,0.017127272727272727,-1.2425,36.8125,4
-256_7380,25580,0.017118334636434716,-1.2775,36.9025,7
-258_7348,2306,0.017080008673026885,-1.2875,36.7425,4
-253_7345,399,0.017012531328320802,-1.2625,36.7275,4
-254_7354,538,0.01700371747211896,-1.2675,36.7725,4
-259_7344,203,0.016965517241379312,-1.2925,36.722500000000004,4
-249_7379,759,0.016907773386034254,-1.2425,36.8975,5
-255_7381,3301,0.01689003332323538,-1.2725,36.9075,7
-265_7380,250,0.016867999999999998,-1.3225,36.9025,7
-256_7377,5380,0.01681003717472119,-1.2775,36.8875,7
-249_7353,499,0.01680360721442886,-1.2425,36.7675,4
-237_7386,166,0.01679518072289157,-1.1825,36.9325,5
-256_7388,660,0.01678787878787879,-1.2775,36.9425,7
-250_7373,958,0.016763048016701462,-1.2475,36.8675,5
-236_7387,226,0.016756637168141592,-1.1775,36.9375,5
-263_7383,833,0.016702280912364947,-1.3125,36.917500000000004,7
-247_7387,400,0.01667875,-1.2325,36.9375,5
-256_7353,3371,0.016663082171462475,-1.2775,36.7675,4
-235_7382,139,0.01653956834532374,-1.1725,36.9125,5
-253_7342,589,0.016504244482173174,-1.2625,36.7125,4
-255_7393,224,0.016495535714285716,-1.2725,36.9675,7
-259_7349,1359,0.01644830757910228,-1.2925,36.7475,4
-262_7348,284,0.016278169014084506,-1.3075,36.7425,4
-248_7349,265,0.016264150943396227,-1.2375,36.7475,4
-258_7345,376,0.016191489361702126,-1.2875,36.7275,4
-245_7373,130,0.01617692307692308,-1.2225,36.8675,5
-266_7357,1422,0.016112869198312237,-1.3275000000000001,36.7875,1
-244_7380,4594,0.0160907705703091,-1.2175,36.9025,5
-251_7356,129,0.01603875968992248,-1.2525,36.7825,4
-264_7382,619,0.0159967689822294,-1.3175000000000001,36.9125,7
-256_7398,102,0.015990196078431374,-1.2775,36.9925,7
-256_7390,1457,0.015947151681537406,-1.2775,36.9525,7
-258_7395,427,0.015936768149882905,-1.2875,36.9775,7
-248_7373,349,0.015922636103151862,-1.2375,36.8675,5
-244_7374,263,0.015916349809885932,-1.2175,36.8725,5
-253_7395,165,0.015787878787878788,-1.2625,36.9775,7
-256_7347,360,0.015658333333333333,-1.2775,36.737500000000004,4
-254_7347,437,0.015622425629290618,-1.2675,36.737500000000004,4
-236_7381,149,0.015604026845637584,-1.1775,36.9075,5
-242_7377,2360,0.01556271186440678,-1.2075,36.8875,5
-246_7374,2028,0.015513436883629191,-1.2275,36.8725,5
-256_7395,331,0.01548640483383686,-1.2775,36.9775,7
-255_7353,692,0.015414739884393062,-1.2725,36.7675,4
-255_7377,760,0.01530921052631579,-1.2725,36.8875,7
-252_7359,6620,0.015308610271903323,-1.2575,36.7975,4
-267_7374,232,0.015267241379310346,-1.3325,36.8725,7
-253_7356,2902,0.015231650585802895,-1.2625,36.7825,4
-243_7377,4771,0.015224009641584576,-1.2125000000000001,36.8875,5
-252_7382,1856,0.015190193965517242,-1.2575,36.9125,7
-259_7346,502,0.015135458167330676,-1.2925,36.7325,4
-234_7383,161,0.0151055900621118,-1.1675,36.917500000000004,5
-248_7353,113,0.015097345132743363,-1.2375,36.7675,4
-255_7346,476,0.015073529411764706,-1.2725,36.7325,4
-254_7348,658,0.015066869300911853,-1.2675,36.7425,4
-254_7353,761,0.015040735873850197,-1.2675,36.7675,4
-251_7386,2691,0.015040505388331477,-1.2525,36.9325,7
-259_7352,3998,0.015036830915457728,-1.2925,36.7625,4
-253_7347,425,0.015002352941176472,-1.2625,36.737500000000004,4
-258_7352,3334,0.01499625074985003,-1.2875,36.7625,4
-247_7348,456,0.014975877192982457,-1.2325,36.7425,4
-245_7356,310,0.01496774193548387,-1.2225,36.7825,4
-263_7382,930,0.01496021505376344,-1.3125,36.9125,7
-245_7382,1455,0.014955670103092783,-1.2225,36.9125,5
-242_7382,256,0.01494140625,-1.2075,36.9125,5
-254_7345,531,0.014934086629001883,-1.2675,36.7275,4
-244_7365,364,0.014928571428571428,-1.2175,36.8275,5
-272_7381,364,0.014898351648351649,-1.3575,36.9075,0
-236_7388,412,0.014859223300970873,-1.1775,36.9425,5
-264_7381,433,0.014842956120092378,-1.3175000000000001,36.9075,7
-245_7377,469,0.014835820895522388,-1.2225,36.8875,5
-260_7352,8166,0.01482864927749204,-1.2975,36.7625,4
-247_7376,2816,0.01478116122159091,-1.2325,36.8825,5
-251_7391,501,0.01473253493013972,-1.2525,36.9575,7
-257_7348,2171,0.014685743896821741,-1.2825,36.7425,4
-267_7365,742,0.014679245283018868,-1.3325,36.8275,1
-262_7382,1469,0.014652484683458134,-1.3075,36.9125,7
-253_7348,720,0.01462638888888889,-1.2625,36.7425,4
-263_7343,103,0.014592233009708739,-1.3125,36.7175,1
-245_7365,164,0.014560975609756097,-1.2225,36.8275,5
-252_7350,1084,0.014525830258302584,-1.2575,36.7525,4
-243_7381,2182,0.014465054995417049,-1.2125000000000001,36.9075,5
-255_7390,220,0.014463636363636363,-1.2725,36.9525,7
-263_7381,3824,0.014461820083682008,-1.3125,36.9075,7
-242_7376,2448,0.01432281454248366,-1.2075,36.8825,5
-267_7360,861,0.014315911730545878,-1.3325,36.8025,1
-272_7347,204,0.014303921568627451,-1.3575,36.737500000000004,1
-245_7380,828,0.014297101449275363,-1.2225,36.9025,5
-275_7343,140,0.014292857142857142,-1.3725,36.7175,1
-256_7397,354,0.014288135593220338,-1.2775,36.987500000000004,7
-258_7390,2451,0.01426856385148919,-1.2875,36.9525,7
-243_7378,2903,0.014208405098174302,-1.2125000000000001,36.8925,5
-248_7387,354,0.01419491525423729,-1.2375,36.9375,5
-237_7387,208,0.014192307692307692,-1.1825,36.9375,5
-241_7379,1304,0.014177914110429448,-1.2025000000000001,36.8975,5
-274_7350,107,0.014140186915887849,-1.3675,36.7525,1
-255_7355,1026,0.014125730994152047,-1.2725,36.7775,4
-254_7344,549,0.01410928961748634,-1.2675,36.722500000000004,4
-251_7369,469,0.014102345415778251,-1.2525,36.847500000000004,5
-243_7366,1278,0.01402621283255086,-1.2125000000000001,36.8325,5
-267_7376,201,0.014013681592039801,-1.3325,36.8825,7
-255_7392,348,0.013979885057471265,-1.2725,36.9625,7
-243_7382,1055,0.013972511848341232,-1.2125000000000001,36.9125,5
-257_7391,1353,0.01395251293422025,-1.2825,36.9575,7
-254_7383,1445,0.013943944636678201,-1.2675,36.917500000000004,7
-259_7345,586,0.013919795221843003,-1.2925,36.7275,4
-256_7391,443,0.013916478555304741,-1.2775,36.9575,7
-256_7392,476,0.01391281512605042,-1.2775,36.9625,7
-259_7373,1025,0.013888780487804878,-1.2925,36.8675,7
-244_7381,2765,0.013818896925858951,-1.2175,36.9075,5
-252_7384,2547,0.01374401256380055,-1.2575,36.9225,7
-246_7372,245,0.013669387755102042,-1.2275,36.862500000000004,5
-258_7389,1982,0.013664984863773965,-1.2875,36.9475,7
-253_7384,471,0.013660297239915074,-1.2625,36.9225,7
-248_7377,529,0.013637051039697543,-1.2375,36.8875,5
-264_7343,427,0.013622950819672132,-1.3175000000000001,36.7175,1
-272_7351,133,0.013556390977443608,-1.3575,36.7575,1
-269_7383,211,0.013511848341232228,-1.3425,36.917500000000004,7
-257_7390,1138,0.013476054481546573,-1.2825,36.9525,7
-248_7368,822,0.013452554744525547,-1.2375,36.8425,5
-259_7395,166,0.013421686746987953,-1.2925,36.9775,7
-254_7390,233,0.013407725321888412,-1.2675,36.9525,7
-254_7381,6028,0.01339349701393497,-1.2675,36.9075,7
-254_7382,7909,0.013224491086104437,-1.2675,36.9125,7
-255_7389,305,0.013190163934426229,-1.2725,36.9475,7
-246_7367,787,0.013151842439644219,-1.2275,36.8375,5
-255_7352,680,0.01308970588235294,-1.2725,36.7625,4
-256_7394,324,0.012901234567901234,-1.2775,36.972500000000004,7
-244_7354,259,0.012895752895752895,-1.2175,36.7725,4
-252_7391,126,0.01280952380952381,-1.2575,36.9575,7
-245_7368,395,0.01278227848101266,-1.2225,36.8425,5
-257_7342,336,0.01275595238095238,-1.2825,36.7125,4
-257_7347,1824,0.012736293859649124,-1.2825,36.737500000000004,4
-253_7381,3252,0.012575953259532594,-1.2625,36.9075,7
-249_7375,727,0.012574277854195324,-1.2425,36.8775,5
-269_7353,1415,0.012552650176678445,-1.3425,36.7675,1
-250_7388,344,0.012354651162790697,-1.2475,36.9425,7
-243_7383,242,0.012318181818181818,-1.2125000000000001,36.917500000000004,5
-248_7384,275,0.012283636363636365,-1.2375,36.9225,5
-258_7391,109,0.012238532110091745,-1.2875,36.9575,7
-252_7390,861,0.01202787456445993,-1.2575,36.9525,7
-247_7384,1777,0.011999577940348904,-1.2325,36.9225,5
-253_7382,6498,0.011978531855955678,-1.2625,36.9125,7
-246_7385,966,0.011966873706004142,-1.2275,36.9275,5
-257_7344,684,0.011966374269005849,-1.2825,36.722500000000004,4
-252_7342,273,0.011941391941391943,-1.2575,36.7125,4
-252_7389,1557,0.011909441233140654,-1.2575,36.9475,7
-251_7390,1075,0.011886511627906977,-1.2525,36.9525,7
-258_7394,773,0.011869340232858992,-1.2875,36.972500000000004,7
-252_7385,1631,0.011849478847332924,-1.2575,36.9275,7
-245_7374,694,0.011786743515850144,-1.2225,36.8725,5
-239_7380,633,0.011755134281200631,-1.1925000000000001,36.9025,5
-248_7385,400,0.011755,-1.2375,36.9275,5
-272_7349,245,0.011751020408163265,-1.3575,36.7475,1
-267_7357,115,0.011747826086956521,-1.3325,36.7875,1
-257_7389,2792,0.011645773638968482,-1.2825,36.9475,7
-271_7351,390,0.011605128205128205,-1.3525,36.7575,1
-264_7340,821,0.011478075517661388,-1.3175000000000001,36.7025,1
-260_7350,4257,0.011449142588677472,-1.2975,36.7525,4
-246_7384,2331,0.01128914628914629,-1.2275,36.9225,5
-246_7368,550,0.011274545454545455,-1.2275,36.8425,5
-236_7383,1204,0.011162790697674419,-1.1775,36.917500000000004,5
-255_7399,551,0.011067150635208712,-1.2725,36.9975,7
-276_7349,202,0.01101980198019802,-1.3775,36.7475,1
-262_7381,4163,0.010914484746576986,-1.3075,36.9075,7
-245_7367,569,0.010869947275922671,-1.2225,36.8375,5
-247_7385,928,0.010825700431034483,-1.2325,36.9275,5
-242_7357,1816,0.010785242290748898,-1.2075,36.7875,4
-243_7376,1991,0.010752887995981918,-1.2125000000000001,36.8825,5
-265_7339,113,0.010597345132743363,-1.3225,36.6975,1
-254_7356,359,0.010568245125348189,-1.2675,36.7825,4
-266_7342,750,0.010566666666666667,-1.3275000000000001,36.7125,1
-251_7388,503,0.010493041749502982,-1.2525,36.9425,7
-267_7384,2902,0.010358890420399725,-1.3325,36.9225,7
-257_7388,487,0.010320328542094456,-1.2825,36.9425,7
-245_7372,148,0.010317567567567569,-1.2225,36.862500000000004,5
-265_7340,1016,0.010306594488188978,-1.3225,36.7025,1
-268_7382,223,0.010264573991031391,-1.3375000000000001,36.9125,7
-251_7389,912,0.010208333333333333,-1.2525,36.9475,7
-268_7347,646,0.010189628482972135,-1.3375000000000001,36.737500000000004,1
-259_7347,698,0.010094555873925501,-1.2925,36.737500000000004,4
-257_7345,1386,0.010075757575757576,-1.2825,36.7275,4
-266_7343,1435,0.010044599303135887,-1.3275000000000001,36.7175,1
-244_7376,1868,0.010041755888650963,-1.2175,36.8825,5
-271_7380,312,0.010032051282051282,-1.3525,36.9025,0
-245_7383,1174,0.01002576660988075,-1.2225,36.917500000000004,5
-257_7343,335,0.009982089552238806,-1.2825,36.7175,4
-266_7355,7424,0.009938510237068966,-1.3275000000000001,36.7775,1
-243_7355,102,0.00992156862745098,-1.2125000000000001,36.7775,4
-237_7381,558,0.009879928315412186,-1.1825,36.9075,5
-237_7379,642,0.009878504672897198,-1.1825,36.8975,5
-241_7375,101,0.009841584158415842,-1.2025000000000001,36.8775,5
-238_7379,1338,0.009721225710014948,-1.1875,36.8975,5
-244_7375,4238,0.0096795068428504,-1.2175,36.8775,5
-253_7351,209,0.009612440191387558,-1.2625,36.7575,4
-267_7335,131,0.009580152671755724,-1.3325,36.6775,1
-245_7370,149,0.009557046979865771,-1.2225,36.8525,5
-256_7352,395,0.009551898734177215,-1.2775,36.7625,4
-245_7381,132,0.00953030303030303,-1.2225,36.9075,5
-273_7383,1380,0.009521014492753622,-1.3625,36.917500000000004,0
-257_7393,785,0.009435668789808917,-1.2825,36.9675,7
-240_7379,124,0.00941935483870968,-1.1975,36.8975,5
-249_7363,703,0.009260312944523471,-1.2425,36.8175,4
-248_7348,152,0.009230263157894736,-1.2375,36.7425,4
-245_7353,140,0.009128571428571429,-1.2225,36.7675,4
-256_7393,1706,0.009072098475967174,-1.2775,36.9675,7
-271_7350,752,0.009068484042553192,-1.3525,36.7525,1
-268_7383,420,0.008954761904761905,-1.3375000000000001,36.917500000000004,7
-247_7368,408,0.008948529411764706,-1.2325,36.8425,5
-246_7356,261,0.008865900383141763,-1.2275,36.7825,4
-239_7379,1363,0.008822450476889215,-1.1925000000000001,36.8975,5
-253_7344,504,0.008801587301587302,-1.2625,36.722500000000004,4
-254_7396,104,0.00873076923076923,-1.2675,36.9825,7
-243_7375,1063,0.008727187206020696,-1.2125000000000001,36.8775,5
-258_7388,520,0.008726923076923077,-1.2875,36.9425,7
-266_7356,902,0.00869290465631929,-1.3275000000000001,36.7825,1
-257_7346,1219,0.008686628383921247,-1.2825,36.7325,4
-247_7383,1613,0.008663360198388096,-1.2325,36.917500000000004,5
-263_7348,283,0.008597173144876324,-1.3125,36.7425,1
-258_7347,982,0.008591649694501017,-1.2875,36.737500000000004,4
-266_7341,151,0.008589403973509935,-1.3275000000000001,36.7075,1
-272_7348,137,0.008518248175182482,-1.3575,36.7425,1
-241_7357,322,0.008503105590062112,-1.2025000000000001,36.7875,4
-241_7356,263,0.008467680608365018,-1.2025000000000001,36.7825,4
-257_7394,697,0.008440459110473458,-1.2825,36.972500000000004,7
-246_7383,2295,0.008432244008714597,-1.2275,36.917500000000004,5
-271_7381,1590,0.008347798742138365,-1.3525,36.9075,0
-267_7356,1071,0.008332399626517273,-1.3325,36.7825,1
-269_7351,557,0.00815439856373429,-1.3425,36.7575,1
-238_7380,675,0.008122962962962964,-1.1875,36.9025,5
-268_7350,159,0.008018867924528302,-1.3375000000000001,36.7525,1
-266_7354,2655,0.007859133709981167,-1.3275000000000001,36.7725,1
-269_7350,647,0.007795981452859352,-1.3425,36.7525,1
-268_7374,172,0.007691860465116279,-1.3375000000000001,36.8725,7
-269_7352,1982,0.007647325933400606,-1.3425,36.7625,1
-254_7343,452,0.007579646017699115,-1.2675,36.7175,4
-267_7343,198,0.007575757575757576,-1.3325,36.7175,1
-268_7373,195,0.007405128205128205,-1.3375000000000001,36.8675,7
-269_7349,100,0.00736,-1.3425,36.7475,1
-250_7389,307,0.007332247557003257,-1.2475,36.9475,7
-253_7343,951,0.007331230283911672,-1.2625,36.7175,4
-258_7344,329,0.0073252279635258365,-1.2875,36.722500000000004,4
-259_7389,445,0.007305617977528091,-1.2925,36.9475,7
-239_7385,828,0.007271437198067634,-1.1925000000000001,36.9275,5
-243_7368,197,0.0072690355329949235,-1.2125000000000001,36.8425,5
-258_7346,487,0.00720123203285421,-1.2875,36.7325,4
-267_7359,282,0.007180851063829787,-1.3325,36.7975,1
-269_7346,200,0.00715,-1.3425,36.7325,1
-268_7351,306,0.007071895424836602,-1.3375000000000001,36.7575,1
-257_7392,953,0.00706610703043022,-1.2825,36.9625,7
-244_7367,269,0.00704089219330855,-1.2175,36.8375,5
-268_7345,465,0.006864516129032258,-1.3375000000000001,36.7275,1
-244_7368,140,0.006835714285714286,-1.2175,36.8425,5
-252_7349,453,0.0068322295805739505,-1.2575,36.7475,4
-266_7384,1145,0.006831441048034934,-1.3275000000000001,36.9225,7
-242_7356,4221,0.006733475479744137,-1.2075,36.7825,4
-265_7341,2184,0.0067051282051282055,-1.3225,36.7075,1
-268_7344,167,0.00670059880239521,-1.3375000000000001,36.722500000000004,1
-270_7350,114,0.0063859649122807016,-1.3475,36.7525,1
-240_7357,296,0.00633445945945946,-1.1975,36.7875,4
-248_7383,359,0.006295264623955431,-1.2375,36.917500000000004,5
-237_7378,530,0.006241509433962265,-1.1825,36.8925,5
-243_7357,564,0.006138297872340425,-1.2125000000000001,36.7875,4
-267_7354,732,0.006131147540983606,-1.3325,36.7725,1
-274_7382,186,0.005973118279569893,-1.3675,36.9125,0
-273_7348,167,0.005910179640718563,-1.3625,36.7425,1
-269_7345,279,0.005874551971326165,-1.3425,36.7275,1
-273_7382,1362,0.0057723935389133625,-1.3625,36.9125,0
-245_7350,466,0.005753218884120172,-1.2225,36.7525,4
-272_7380,383,0.005725848563968668,-1.3575,36.9025,0
-266_7385,469,0.005682302771855011,-1.3275000000000001,36.9275,7
-246_7378,121,0.005471074380165289,-1.2275,36.8925,5
-246_7357,230,0.005152173913043479,-1.2275,36.7875,4
-271_7349,108,0.005148148148148148,-1.3525,36.7475,1
-273_7349,154,0.004909090909090909,-1.3625,36.7475,1
-271_7352,116,0.004896551724137931,-1.3525,36.7625,1
-268_7348,167,0.0047185628742514975,-1.3375000000000001,36.7425,1
-264_7341,122,0.00451639344262295,-1.3175000000000001,36.7075,1
-240_7384,1618,0.0045117428924598265,-1.1975,36.9225,5
-244_7366,308,0.004457792207792207,-1.2175,36.8325,5
-260_7336,175,0.004251428571428572,-1.2975,36.6825,4
-253_7340,273,0.004010989010989011,-1.2625,36.7025,4
-261_7336,121,0.003991735537190083,-1.3025,36.6825,1
-252_7344,279,0.003849462365591398,-1.2575,36.722500000000004,4
-244_7363,125,0.0038079999999999998,-1.2175,36.8175,5
-260_7337,123,0.003642276422764227,-1.2975,36.6875,4
-243_7367,898,0.0036269487750556794,-1.2125000000000001,36.8375,5
-251_7350,129,0.003581395348837209,-1.2525,36.7525,4
-236_7378,276,0.0035760869565217386,-1.1775,36.8925,5
-272_7350,134,0.003462686567164179,-1.3575,36.7525,1
-245_7357,117,0.003256410256410256,-1.2225,36.7875,4
-274_7383,343,0.0031457725947521865,-1.3675,36.917500000000004,0
-246_7350,314,0.0031337579617834394,-1.2275,36.7525,4
-273_7384,418,0.0029688995215311005,-1.3625,36.9225,0
-238_7386,2246,0.0027662511130899375,-1.1875,36.9325,5
-239_7378,298,0.0027114093959731546,-1.1925000000000001,36.8925,5
-261_7352,714,0.002634453781512605,-1.3025,36.7625,4
-238_7378,1045,0.0026057416267942584,-1.1875,36.8925,5
-268_7352,293,0.002498293515358362,-1.3375000000000001,36.7625,1
-269_7347,154,0.0022857142857142855,-1.3425,36.737500000000004,1
-252_7341,218,0.0017752293577981651,-1.2575,36.7075,4
-271_7379,1246,0.0017118780096308187,-1.3525,36.8975,0
-239_7386,1461,0.00153388090349076,-1.1925000000000001,36.9325,5
-255_7395,135,0.0014814814814814816,-1.2725,36.9775,7
-272_7352,210,0.0013476190476190476,-1.3575,36.7625,1
-269_7348,423,0.001347517730496454,-1.3425,36.7425,1
-241_7355,1067,0.0011518275538894096,-1.2025000000000001,36.7775,4
-272_7379,1596,0.0011403508771929824,-1.3575,36.8975,0
-245_7393,108,0.0008981481481481481,-1.2225,36.9675,5
-242_7365,111,0.000891891891891892,-1.2075,36.8275,5
-267_7386,730,0.0006712328767123287,-1.3325,36.9325,7
-267_7342,132,0.0006515151515151514,-1.3325,36.7125,1
-270_7347,141,0.0006453900709219858,-1.3475,36.737500000000004,1
-267_7355,502,0.0005856573705179284,-1.3325,36.7775,1
-242_7355,2547,0.00024342363564978405,-1.2075,36.7775,4
-241_7367,3232,0.0,-1.2025000000000001,36.8375,5
-241_7366,2649,0.0,-1.2025000000000001,36.8325,5
-244_7369,2466,0.0,-1.2175,36.847500000000004,5
-266_7386,2463,0.0,-1.3275000000000001,36.9325,7
-242_7354,2457,0.0,-1.2075,36.7725,4
-286_7395,2202,0.0,-1.4275,36.9775,0
-241_7354,1949,0.0,-1.2025000000000001,36.7725,4
-234_7393,1793,0.0,-1.1675,36.9675,3
-240_7385,1714,0.0,-1.1975,36.9275,5
-280_7352,1710,0.0,-1.3975,36.7625,1
-279_7353,1495,0.0,-1.3925,36.7675,1
-233_7391,1447,0.0,-1.1625,36.9575,3
-280_7350,1405,0.0,-1.3975,36.7525,1
-277_7384,1233,0.0,-1.3825,36.9225,0
-228_7394,1074,0.0,-1.1375,36.972500000000004,3
-242_7366,1054,0.0,-1.2075,36.8325,5
-231_7383,1051,0.0,-1.1525,36.917500000000004,3
-279_7352,1050,0.0,-1.3925,36.7625,1
-230_7391,1033,0.0,-1.1475,36.9575,3
-234_7365,1031,0.0,-1.1675,36.8275,5
-232_7391,1011,0.0,-1.1575,36.9575,3
-250_7336,971,0.0,-1.2475,36.6825,4
-249_7332,964,0.0,-1.2425,36.6625,4
-296_7391,946,0.0,-1.4775,36.9575,0
-241_7353,896,0.0,-1.2025000000000001,36.7675,4
-275_7386,885,0.0,-1.3725,36.9325,0
-234_7392,854,0.0,-1.1675,36.9625,3
-243_7369,832,0.0,-1.2125000000000001,36.847500000000004,5
-252_7339,822,0.0,-1.2575,36.6975,4
-284_7390,806,0.0,-1.4175,36.9525,0
-240_7367,802,0.0,-1.1975,36.8375,5
-250_7332,794,0.0,-1.2475,36.6625,4
-280_7348,786,0.0,-1.3975,36.7425,1
-252_7340,782,0.0,-1.2575,36.7025,4
-235_7368,762,0.0,-1.1725,36.8425,5
-281_7352,735,0.0,-1.4025,36.7625,1
-227_7394,734,0.0,-1.1325,36.972500000000004,3
-235_7366,716,0.0,-1.1725,36.8325,5
-280_7351,716,0.0,-1.3975,36.7575,1
-242_7367,712,0.0,-1.2075,36.8375,5
-278_7384,710,0.0,-1.3875,36.9225,0
-279_7387,706,0.0,-1.3925,36.9375,0
-231_7384,704,0.0,-1.1525,36.9225,3
-251_7333,699,0.0,-1.2525,36.667500000000004,4
-230_7392,693,0.0,-1.1475,36.9625,3
-233_7364,686,0.0,-1.1625,36.8225,5
-251_7338,681,0.0,-1.2525,36.6925,4
-279_7388,677,0.0,-1.3925,36.9425,0
-235_7394,671,0.0,-1.1725,36.972500000000004,3
-240_7386,670,0.0,-1.1975,36.9325,5
-251_7337,655,0.0,-1.2525,36.6875,4
-268_7355,655,0.0,-1.3375000000000001,36.7775,1
-241_7385,629,0.0,-1.2025000000000001,36.9275,5
-235_7365,622,0.0,-1.1725,36.8275,5
-280_7349,603,0.0,-1.3975,36.7475,1
-221_7402,591,0.0,-1.1025,37.0125,3
-277_7387,591,0.0,-1.3825,36.9375,0
-252_7338,584,0.0,-1.2575,36.6925,4
-248_7345,580,0.0,-1.2375,36.7275,4
-241_7352,577,0.0,-1.2025000000000001,36.7625,4
-280_7347,575,0.0,-1.3975,36.737500000000004,1
-231_7392,573,0.0,-1.1525,36.9625,3
-234_7394,572,0.0,-1.1675,36.972500000000004,3
-242_7384,562,0.0,-1.2075,36.9225,5
-280_7388,552,0.0,-1.3975,36.9425,0
-251_7339,535,0.0,-1.2525,36.6975,4
-231_7393,526,0.0,-1.1525,36.9675,3
-279_7354,521,0.0,-1.3925,36.7725,1
-241_7368,518,0.0,-1.2025000000000001,36.8425,5
-277_7385,510,0.0,-1.3825,36.9275,0
-246_7341,494,0.0,-1.2275,36.7075,4
-233_7376,487,0.0,-1.1625,36.8825,5
-240_7356,481,0.0,-1.1975,36.7825,4
-230_7390,471,0.0,-1.1475,36.9525,3
-285_7395,459,0.0,-1.4225,36.9775,0
-275_7387,456,0.0,-1.3725,36.9375,0
-232_7392,455,0.0,-1.1575,36.9625,3
-278_7388,454,0.0,-1.3875,36.9425,0
-274_7387,451,0.0,-1.3675,36.9375,0
-272_7331,440,0.0,-1.3575,36.6575,1
-273_7331,440,0.0,-1.3625,36.6575,1
-224_7401,436,0.0,-1.1175,37.0075,3
-276_7385,431,0.0,-1.3775,36.9275,0
-278_7352,417,0.0,-1.3875,36.7625,1
-275_7384,414,0.0,-1.3725,36.9225,0
-277_7388,413,0.0,-1.3825,36.9425,0
-208_7414,401,0.0,-1.0375,37.0725,3
-295_7391,398,0.0,-1.4725,36.9575,0
-229_7394,379,0.0,-1.1425,36.972500000000004,3
-229_7393,378,0.0,-1.1425,36.9675,3
-243_7384,369,0.0,-1.2125000000000001,36.9225,5
-252_7343,361,0.0,-1.2575,36.7175,4
-280_7355,361,0.0,-1.3975,36.7775,1
-222_7402,359,0.0,-1.1075,37.0125,3
-280_7353,359,0.0,-1.3975,36.7675,1
-241_7351,358,0.0,-1.2025000000000001,36.7575,4
-286_7392,357,0.0,-1.4275,36.9625,0
-244_7394,350,0.0,-1.2175,36.972500000000004,5
-235_7351,346,0.0,-1.1725,36.7575,4
-298_7391,341,0.0,-1.4875,36.9575,0
-233_7388,338,0.0,-1.1625,36.9425,3
-250_7335,337,0.0,-1.2475,36.6775,4
-280_7346,336,0.0,-1.3975,36.7325,1
-242_7385,335,0.0,-1.2075,36.9275,5
-254_7333,333,0.0,-1.2675,36.667500000000004,4
-232_7387,332,0.0,-1.1575,36.9375,3
-208_7415,316,0.0,-1.0375,37.0775,3
-240_7350,306,0.0,-1.1975,36.7525,4
-234_7368,304,0.0,-1.1675,36.8425,5
-255_7400,302,0.0,-1.2725,37.0025,7
-278_7385,302,0.0,-1.3875,36.9275,0
-233_7389,298,0.0,-1.1625,36.9475,3
-234_7391,290,0.0,-1.1675,36.9575,3
-227_7395,289,0.0,-1.1325,36.9775,3
-287_7396,288,0.0,-1.4325,36.9825,0
-274_7388,285,0.0,-1.3675,36.9425,0
-243_7387,283,0.0,-1.2125000000000001,36.9375,5
-221_7403,282,0.0,-1.1025,37.0175,3
-241_7384,282,0.0,-1.2025000000000001,36.9225,5
-222_7403,280,0.0,-1.1075,37.0175,3
-230_7389,278,0.0,-1.1475,36.9475,3
-238_7377,278,0.0,-1.1875,36.8875,5
-251_7340,275,0.0,-1.2525,36.7025,4
-269_7333,273,0.0,-1.3425,36.667500000000004,1
-229_7391,272,0.0,-1.1425,36.9575,3
-225_7401,269,0.0,-1.1225,37.0075,3
-272_7385,269,0.0,-1.3575,36.9275,0
-247_7398,266,0.0,-1.2325,36.9925,5
-240_7366,265,0.0,-1.1975,36.8325,5
-297_7391,264,0.0,-1.4825,36.9575,0
-251_7344,263,0.0,-1.2525,36.722500000000004,4
-209_7414,262,0.0,-1.0425,37.0725,3
-244_7342,262,0.0,-1.2175,36.7125,4
-241_7392,261,0.0,-1.2025000000000001,36.9625,5
-252_7334,261,0.0,-1.2575,36.6725,4
-281_7388,260,0.0,-1.4025,36.9425,0
-281_7351,257,0.0,-1.4025,36.7575,1
-231_7389,254,0.0,-1.1525,36.9475,3
-233_7392,251,0.0,-1.1625,36.9625,3
-295_7392,250,0.0,-1.4725,36.9625,0
-288_7396,247,0.0,-1.4375,36.9825,0
-281_7350,245,0.0,-1.4025,36.7525,1
-236_7368,243,0.0,-1.1775,36.8425,5
-232_7389,242,0.0,-1.1575,36.9475,3
-288_7395,242,0.0,-1.4375,36.9775,0
-244_7353,239,0.0,-1.2175,36.7675,4
-226_7400,238,0.0,-1.1275,37.0025,3
-240_7351,238,0.0,-1.1975,36.7575,4
-270_7332,237,0.0,-1.3475,36.6625,1
-276_7384,237,0.0,-1.3775,36.9225,0
-228_7395,235,0.0,-1.1375,36.9775,3
-280_7344,235,0.0,-1.3975,36.722500000000004,1
-221_7401,231,0.0,-1.1025,37.0075,3
-228_7393,231,0.0,-1.1375,36.9675,3
-239_7387,231,0.0,-1.1925000000000001,36.9375,5
-245_7342,231,0.0,-1.2225,36.7125,4
-278_7353,231,0.0,-1.3875,36.7675,1
-235_7395,229,0.0,-1.1725,36.9775,3
-279_7356,229,0.0,-1.3925,36.7825,1
-232_7377,227,0.0,-1.1575,36.8875,5
-239_7348,226,0.0,-1.1925000000000001,36.7425,4
-239_7389,224,0.0,-1.1925000000000001,36.9475,5
-276_7388,222,0.0,-1.3775,36.9425,0
-234_7364,221,0.0,-1.1675,36.8225,5
-242_7387,221,0.0,-1.2075,36.9375,5
-232_7376,218,0.0,-1.1575,36.8825,5
-232_7386,218,0.0,-1.1575,36.9325,3
-233_7390,216,0.0,-1.1625,36.9525,3
-282_7389,213,0.0,-1.4075,36.9475,0
-288_7393,209,0.0,-1.4375,36.9675,0
-252_7333,207,0.0,-1.2575,36.667500000000004,4
-232_7383,206,0.0,-1.1575,36.917500000000004,3
-243_7393,206,0.0,-1.2125000000000001,36.9675,5
-225_7400,205,0.0,-1.1225,37.0025,3
-207_7415,203,0.0,-1.0325,37.0775,3
-227_7396,202,0.0,-1.1325,36.9825,3
-247_7342,200,0.0,-1.2325,36.7125,4
-278_7347,200,0.0,-1.3875,36.737500000000004,1
-242_7386,199,0.0,-1.2075,36.9325,5
-279_7351,199,0.0,-1.3925,36.7575,1
-228_7381,198,0.0,-1.1375,36.9075,3
-251_7336,198,0.0,-1.2525,36.6825,4
-286_7396,198,0.0,-1.4275,36.9825,0
-251_7343,197,0.0,-1.2525,36.7175,4
-251_7341,196,0.0,-1.2525,36.7075,4
-250_7337,195,0.0,-1.2475,36.6875,4
-241_7391,194,0.0,-1.2025000000000001,36.9575,5
-239_7388,191,0.0,-1.1925000000000001,36.9425,5
-231_7386,190,0.0,-1.1525,36.9325,3
-244_7352,190,0.0,-1.2175,36.7625,4
-224_7402,189,0.0,-1.1175,37.0125,3
-236_7366,189,0.0,-1.1775,36.8325,5
-299_7391,186,0.0,-1.4925,36.9575,0
-242_7391,184,0.0,-1.2075,36.9575,5
-247_7345,184,0.0,-1.2325,36.7275,4
-210_7418,183,0.0,-1.0475,37.0925,3
-229_7395,181,0.0,-1.1425,36.9775,3
-243_7385,180,0.0,-1.2125000000000001,36.9275,5
-276_7387,180,0.0,-1.3775,36.9375,0
-271_7331,179,0.0,-1.3525,36.6575,1
-239_7349,178,0.0,-1.1925000000000001,36.7475,4
-248_7344,178,0.0,-1.2375,36.722500000000004,4
-235_7369,175,0.0,-1.1725,36.847500000000004,5
-299_7390,175,0.0,-1.4925,36.9525,0
-245_7341,174,0.0,-1.2225,36.7075,4
-247_7347,174,0.0,-1.2325,36.737500000000004,4
-250_7338,174,0.0,-1.2475,36.6925,4
-231_7388,172,0.0,-1.1525,36.9425,3
-267_7383,172,0.0,-1.3325,36.917500000000004,7
-281_7389,172,0.0,-1.4025,36.9475,0
-251_7332,171,0.0,-1.2525,36.6625,4
-276_7386,171,0.0,-1.3775,36.9325,0
-220_7402,169,0.0,-1.0975,37.0125,3
-274_7390,169,0.0,-1.3675,36.9525,0
-297_7392,169,0.0,-1.4825,36.9625,0
-279_7355,166,0.0,-1.3925,36.7775,1
-226_7401,162,0.0,-1.1275,37.0075,3
-287_7395,162,0.0,-1.4325,36.9775,0
-221_7404,161,0.0,-1.1025,37.0225,3
-239_7368,161,0.0,-1.1925000000000001,36.8425,5
-239_7356,160,0.0,-1.1925000000000001,36.7825,4
-245_7394,160,0.0,-1.2225,36.972500000000004,5
-279_7350,158,0.0,-1.3925,36.7525,1
-233_7365,157,0.0,-1.1625,36.8275,5
-232_7384,156,0.0,-1.1575,36.9225,3
-272_7387,155,0.0,-1.3575,36.9375,0
-236_7351,154,0.0,-1.1775,36.7575,4
-279_7348,154,0.0,-1.3925,36.7425,1
-281_7349,154,0.0,-1.4025,36.7475,1
-231_7381,153,0.0,-1.1525,36.9075,3
-232_7388,153,0.0,-1.1575,36.9425,3
-268_7356,153,0.0,-1.3375000000000001,36.7825,1
-231_7387,152,0.0,-1.1525,36.9375,3
-275_7388,152,0.0,-1.3725,36.9425,0
-296_7392,151,0.0,-1.4775,36.9625,0
-271_7332,148,0.0,-1.3525,36.6625,1
-233_7387,146,0.0,-1.1625,36.9375,3
-278_7346,146,0.0,-1.3875,36.7325,1
-233_7393,145,0.0,-1.1625,36.9675,3
-236_7350,145,0.0,-1.1775,36.7525,4
-297_7390,145,0.0,-1.4825,36.9525,0
-241_7365,143,0.0,-1.2025000000000001,36.8275,5
-251_7342,143,0.0,-1.2525,36.7125,4
-212_7422,142,0.0,-1.0575,37.112500000000004,3
-231_7390,142,0.0,-1.1525,36.9525,3
-229_7382,141,0.0,-1.1425,36.9125,3
-240_7389,141,0.0,-1.1975,36.9475,5
-220_7404,140,0.0,-1.0975,37.0225,3
-238_7368,140,0.0,-1.1875,36.8425,5
-242_7353,140,0.0,-1.2075,36.7675,4
-236_7365,138,0.0,-1.1775,36.8275,5
-249_7345,138,0.0,-1.2425,36.7275,4
-253_7333,138,0.0,-1.2625,36.667500000000004,4
-281_7348,138,0.0,-1.4025,36.7425,1
-291_7396,138,0.0,-1.4525000000000001,36.9825,0
-247_7334,137,0.0,-1.2325,36.6725,4
-209_7412,136,0.0,-1.0425,37.0625,3
-302_7390,136,0.0,-1.5075,36.9525,0
-243_7386,135,0.0,-1.2125000000000001,36.9325,5
-286_7337,135,0.0,-1.4275,36.6875,1
-236_7367,134,0.0,-1.1775,36.8375,5
-242_7368,133,0.0,-1.2075,36.8425,5
-273_7390,133,0.0,-1.3625,36.9525,0
-250_7333,132,0.0,-1.2475,36.667500000000004,4
-230_7393,131,0.0,-1.1475,36.9675,3
-241_7363,131,0.0,-1.2025000000000001,36.8175,5
-243_7394,131,0.0,-1.2125000000000001,36.972500000000004,5
-240_7390,130,0.0,-1.1975,36.9525,5
-228_7396,129,0.0,-1.1375,36.9825,3
-241_7364,129,0.0,-1.2025000000000001,36.8225,5
-248_7332,129,0.0,-1.2375,36.6625,4
-220_7403,128,0.0,-1.0975,37.0175,3
-230_7388,127,0.0,-1.1475,36.9425,3
-238_7367,127,0.0,-1.1875,36.8375,5
-240_7364,127,0.0,-1.1975,36.8225,5
-278_7387,126,0.0,-1.3875,36.9375,0
-234_7395,125,0.0,-1.1675,36.9775,3
-255_7335,125,0.0,-1.2725,36.6775,4
-276_7344,124,0.0,-1.3775,36.722500000000004,1
-225_7402,123,0.0,-1.1225,37.0125,3
-249_7333,123,0.0,-1.2425,36.667500000000004,4
-245_7344,122,0.0,-1.2225,36.722500000000004,4
-274_7386,122,0.0,-1.3675,36.9325,0
-255_7334,121,0.0,-1.2725,36.6725,4
-237_7365,118,0.0,-1.1825,36.8275,5
-245_7343,118,0.0,-1.2225,36.7175,4
-260_7396,117,0.0,-1.2975,36.9825,7
-243_7390,116,0.0,-1.2125000000000001,36.9525,5
-268_7334,116,0.0,-1.3375000000000001,36.6725,1
-272_7391,116,0.0,-1.3575,36.9575,0
-273_7330,116,0.0,-1.3625,36.6525,1
-296_7393,116,0.0,-1.4775,36.9675,0
-279_7347,115,0.0,-1.3925,36.737500000000004,1
-248_7343,113,0.0,-1.2375,36.7175,4
-249_7335,113,0.0,-1.2425,36.6775,4
-238_7387,111,0.0,-1.1875,36.9375,5
-241_7386,111,0.0,-1.2025000000000001,36.9325,5
-273_7385,111,0.0,-1.3625,36.9275,0
-234_7387,110,0.0,-1.1675,36.9375,3
-239_7355,110,0.0,-1.1925000000000001,36.7775,4
-243_7391,109,0.0,-1.2125000000000001,36.9575,5
-229_7397,108,0.0,-1.1425,36.987500000000004,3
-237_7367,108,0.0,-1.1825,36.8375,5
-270_7346,108,0.0,-1.3475,36.7325,1
-273_7389,108,0.0,-1.3625,36.9475,0
-279_7346,108,0.0,-1.3925,36.7325,1
-236_7397,107,0.0,-1.1775,36.987500000000004,3
-268_7335,107,0.0,-1.3375000000000001,36.6775,1
-238_7354,106,0.0,-1.1875,36.7725,4
-247_7341,106,0.0,-1.2325,36.7075,4
-274_7384,106,0.0,-1.3675,36.9225,0
-280_7345,106,0.0,-1.3975,36.7275,1
-284_7341,106,0.0,-1.4175,36.7075,1
-237_7352,105,0.0,-1.1825,36.7625,4
-248_7333,105,0.0,-1.2375,36.667500000000004,4
-232_7385,103,0.0,-1.1575,36.9275,3
-242_7390,103,0.0,-1.2075,36.9525,5
-270_7333,103,0.0,-1.3475,36.667500000000004,1
-240_7352,102,0.0,-1.1975,36.7625,4
-257_7331,102,0.0,-1.2825,36.6575,4
-274_7389,101,0.0,-1.3675,36.9475,0
-237_7366,100,0.0,-1.1825,36.8325,5
-284_7342,100,0.0,-1.4175,36.7125,1
